{"chunk_definitions":[{"chunk_id":"csetup_chunk","chunk_label":"setup","document_id":"36003C47","expansion_state":0,"options":{"engine":"r","include":false,"label":"setup"},"row":33,"row_count":1,"visible":true},{"chunk_id":"ctui688djs14b","chunk_label":"unnamed-chunk-2","document_id":"36003C47","expansion_state":0,"options":{"engine":"r","label":"unnamed-chunk-53"},"row":64,"row_count":1,"visible":true},{"chunk_id":"cph5755uskcw6","chunk_label":"unnamed-chunk-9","document_id":"36003C47","expansion_state":0,"options":{"engine":"r","label":"unnamed-chunk-54"},"row":122,"row_count":1,"visible":true},{"chunk_id":"cfv5scn2fje7y","chunk_label":"unnamed-chunk-10","document_id":"36003C47","expansion_state":0,"options":{"engine":"r","label":"unnamed-chunk-55"},"row":133,"row_count":1,"visible":true}],"default_chunk_options":{"cache":true,"error":false},"doc_write_time":1519731544,"working_dir":null}