{"chunk_definitions":[{"chunk_id":"cnfgmxf52u9jt","chunk_label":"unnamed-chunk-1","document_id":"2AAD80C1","expansion_state":0,"options":{"engine":"r","label":"unnamed-chunk-106"},"row":17,"row_count":1,"visible":true},{"chunk_id":"c8g4hv8i24k7z","chunk_label":"unnamed-chunk-2","document_id":"2AAD80C1","expansion_state":0,"options":{"engine":"r","label":"unnamed-chunk-76"},"row":21,"row_count":1,"visible":true},{"chunk_id":"cbx1cqr6bvyty","chunk_label":"unnamed-chunk-3","document_id":"2AAD80C1","expansion_state":0,"options":{"engine":"r","label":"unnamed-chunk-109"},"row":36,"row_count":1,"visible":true}],"doc_write_time":1520093529}