"0","library(lubridate)"
"0","library(dplyr)"
"0","library(varhandle)"
"0","vgame <- read.csv(""cap/Data_input/Video_Games_Sales_as_at_22_Dec_2016.csv"") %>%"
"0","  na.omit() %>%"
"0","  filter(sum(NA_Sales,EU_Sales,JP_Sales,Other_Sales) != 0)%>%"
"0","  mutate("
"0","    Name=as.character(Name),"
"0","    User_Score = as.numeric(unfactor(User_Score)),"
"0","  NA_Sales=10^6*NA_Sales,"
"0","  EU_Sales=10^6*EU_Sales,"
"0","  JP_Sales=10^6*JP_Sales,"
"0","  Other_Sales=10^6*Other_Sales,"
"0","  Global_Sales=10^6*Global_Sales)"
"0","head(vgame)"
